"experiment_group","sum","costs"
"30_discount",73344.92000000014,31433.537142857207
"60_discount",66373.70769230748,99560.56153846122
no_discount,51899.66923076906,0.0
